name,id,designation,tech/manufacturer,system id,fleet pts,hitpoints,armor rating,max flux,8/6/5/4%,flux dissipation,ordnance points,fighter bays,max speed,acceleration,deceleration,max turn rate,turn acceleration,mass,shield type,defense id,shield arc,shield upkeep,shield efficiency,phase cost,phase upkeep,min crew,max crew,cargo,fuel,fuel/ly,range,max burn,base value,cr %/day,CR to deploy,peak CR sec,CR loss/sec,supplies/rec,supplies/mo,hints,tags,rarity,breakProb,minPieces,maxPieces,number
Brawler,rcsw_brawler,Gunship,Midline,damper,5,2000,450,2500,2500,200,50,,100,180,120,60,120,250,FRONT,,150,0.4,0.8,,,15,30,40,20,1,20,9,12000,8,10,300,0.25,4,4,,"no_autofit, HIDE_IN_CODEX, rcsw",,0.4,2,2,207
Afflictor,rcsw_afflictor,Phase Frigate,High Tech,entropyamplifier,11,1000,350,3000,5000,400,55,,165,120,100,60,120,200,PHASE,phasecloak,90,,,0.03,0.04,5,10,25,50,1,50,10,42000,10,20,180,0.25,8,8,,"no_autofit, HIDE_IN_CODEX, rcsw",,0.5,2,2,210
Enforcer,rcsw_enforcer,Destroyer,Low Tech,burndrive,10,5000,750,4000,3333,200,110,,60,40,20,30,20,500,OMNI,,150,0.4,1.2,,,60,100,90,90,3,30,9,38000,5,12,420,0.25,9,9,,"no_autofit, HIDE_IN_CODEX, rcsw",,0.4,2,3,303
Wolf,rcsw_wolf,Frigate,High Tech,displacer,5,1500,150,2250,1875,150,55,,150,130,100,60,120,200,FRONT,,150,0.4,0.8,,,15,30,50,20,1,20,10,12000,10,20,180,0.25,5,5,,"no_autofit, HIDE_IN_CODEX, rcsw",,0.5,2,2,200
