{
	# should be a copy of "combatSmall", minus variants that are annoying to fight in low numbers
	# for example, no Hyperions or fast beam-based kiting loadouts, or ships with damper field
	"combatSmallForSmallFleet":{
		"defender_PD":0,
		"picket_Assault":0,
		"sentry_FS":0,
		"warden_Defense":0,
		"rcsw_defender_PD":10,
		"rcsw_picket_Assault":10,
		"rcsw_sentry_FS":10,
		"rcsw_warden_Defense":10,
		
		"glimmer_Assault":0,
		"lumen_Standard":0,
		"rcsw_glimmer_Assault":5,
		"rcsw_lumen_Standard":10,
		
		"brawler_Assault":0,
		"brawler_Elite":0,
		"brawler_tritachyon_Standard":0,
		"brawler_pather_Raider":0,
		#"rcsw_brawler_Assault":0,
		#"rcsw_brawler_Elite":0,		
		"rcsw_brawler_tritachyon_Standard":10,
		"rcsw_brawler_pather_Raider":10,
		
		"cerberus_d_pirates_Shielded":0,
		"cerberus_d_pirates_Standard":0,
		"cerberus_luddic_path_Attack":0,
		"rcsw_cerberus_d_pirates_Shielded":4,
		"rcsw_cerberus_d_pirates_Standard":6,
		"rcsw_cerberus_luddic_path_Attack":10,
		
		"hound_d_pirates_Shielded":0,
		"hound_d_pirates_Standard":0,
		"hound_d_pirates_Overdriven":0,
		"hound_hegemony_Standard":0,
		"hound_luddic_church_Standard":0,
		"hound_luddic_path_Attack":0,
		"rcsw_hound_d_pirates_Shielded":3,
		"rcsw_hound_d_pirates_Standard":4,
		"rcsw_hound_d_pirates_Overdriven":3,
		#"rcsw_hound_hegemony_Standard":10,
		"rcsw_hound_luddic_church_Standard":10,
		"rcsw_hound_luddic_path_Attack":10,
		
		"kite_hegemony_Interceptor":0,
		"kite_pirates_Raider":0,
		"kite_luddic_path_Raider":0,
		"kite_luddic_path_Strike":0,
		"rcsw_kite_hegemony_Interceptor":10,
		"rcsw_kite_pirates_Raider":10,
		"rcsw_kite_luddic_path_Strike":10,
		
		"lasher_CS":0,
		"lasher_Assault":0,
		"lasher_Overdriven":0,
		"lasher_PD":0,
		"lasher_Standard":0,
		"lasher_Strike":0,
		"lasher_luddic_church_Standard":0,
		"lasher_luddic_path_Raider":0,
		"rcsw_lasher_CS":2.5,
		"rcsw_lasher_Assault":2.5,
		"rcsw_lasher_Overdriven":2.5,
		"rcsw_lasher_Standard":2.5,
		"rcsw_lasher_luddic_church_Standard":10,
		"rcsw_lasher_luddic_path_Raider":10,
		
		"monitor_Escort":0,
		"rcsw_monitor_Escort":10,
		
		"mudskipper2_CS":0,
		"mudskipper2_Hellbore":0,
		"rcsw_mudskipper2_CS":10,
		
		"vigilance_AP":0,
		"vigilance_FS":0,
		"vigilance_Standard":0,
		"vigilance_Strike":0,
		"rcsw_vigilance_AP":1,
		"rcsw_vigilance_FS":3,
		"rcsw_vigilance_Standard":3,
		"rcsw_vigilance_Strike":3,
		
		"wolf_Assault":0,
		"wolf_Overdriven":0,
		"wolf_PD":0,
		"wolf_Strike":0,
		"wolf_d_pirates_Attack":0,
		"wolf_hegemony_Assault":0,
		"wolf_hegemony_PD":0,
		"rcsw_wolf_Assault":3,
		"rcsw_wolf_Overdriven":1,
		"rcsw_wolf_PD":2,
		"rcsw_wolf_Strike":2,
		"rcsw_wolf_d_pirates_Attack":10,
		"rcsw_wolf_hegemony_Assault":4,
		"rcsw_wolf_hegemony_PD":3,
	},
	"combatSmall":{
		"defender_PD":0,
		"picket_Assault":0,
		"sentry_FS":0,
		"warden_Defense":0,
		"rcsw_defender_PD":10,
		"rcsw_picket_Assault":10,
		"rcsw_sentry_FS":10,
		"rcsw_warden_Defense":10,
		
		"glimmer_Assault":0,
		"glimmer_Support":0,
		"lumen_Standard":0,
		"rcsw_glimmer_Assault":4,
		"rcsw_glimmer_Support":4,
		"rcsw_glimmer_Overdriven":2, #NEW
		"rcsw_lumen_Standard":10,
		
		"brawler_Assault":0,
		"brawler_Elite":0,
		"brawler_tritachyon_Standard":0,
		"brawler_pather_Raider":0,
		"rcsw_brawler_Assault":6,
		"rcsw_brawler_Elite":2,
		"rcsw_brawler_Overdriven":2, #NEW
		"rcsw_brawler_tritachyon_Standard":5,
		"rcsw_brawler_tritachyon_Overdriven":5, #NEW
		"rcsw_brawler_pather_Raider":10,
		
		"centurion_Assault":0,
		"rcsw_centurion_Assault":7,
		"rcsw_centurion_Overdriven":3, #NEW
		
		"cerberus_d_pirates_Shielded":0,
		"cerberus_d_pirates_Standard":0,
		"cerberus_luddic_path_Attack":0,
		"rcsw_cerberus_d_pirates_Shielded":4,
		"rcsw_cerberus_d_pirates_Standard":6,
		"rcsw_cerberus_luddic_path_Attack":10,
		
		"hound_d_pirates_Shielded":0,
		"hound_d_pirates_Standard":0,
		"hound_d_pirates_Overdriven":0,
		"hound_hegemony_Standard":0,
		"hound_luddic_church_Standard":0,
		"hound_luddic_path_Attack":0,
		"rcsw_hound_d_pirates_Shielded":3,
		"rcsw_hound_d_pirates_Standard":4,
		"rcsw_hound_d_pirates_Overdriven":3,
		#"rcsw_hound_hegemony_Standard":10,
		"rcsw_hound_luddic_church_Standard":10,
		"rcsw_hound_luddic_path_Attack":10,
		
		"hyperion_Attack":0,
		"hyperion_Strike":0,
		"scarab_Experimental":0,
		"omen_PD":0,
		"tempest_Attack":0,
		"rcsw_hyperion_Strike":6,
		"rcsw_scarab_Experimental":10,
		"rcsw_omen_PD":5,
		"rcsw_omen_Strike":5,
		"rcsw_tempest_Attack":5,
		"rcsw_tempest_Support":5,
		
		"kite_hegemony_Interceptor":0,
		"kite_pirates_Raider":0,
		"kite_luddic_path_Raider":0,
		"kite_luddic_path_Strike":0,
		#"rcsw_kite_hegemony_Interceptor":10,
		"rcsw_kite_pirates_Raider":10,
		"rcsw_kite_luddic_path_Strike":10,
		
		"lasher_CS":0,
		"lasher_Assault":0,
		"lasher_Overdriven":0,
		"lasher_PD":0,
		"lasher_Standard":0,
		"lasher_Strike":0,
		"lasher_luddic_church_Standard":0,
		"lasher_luddic_path_Raider":0,
		"rcsw_lasher_CS":2.5,
		"rcsw_lasher_Assault":2.5,
		"rcsw_lasher_Overdriven":2.5,
		"rcsw_lasher_Standard":2.5,
		"rcsw_lasher_luddic_church_Standard":10,
		"rcsw_lasher_luddic_path_Raider":10,
		
		"monitor_Escort":0,
		"rcsw_monitor_Escort":10,
		
		"mudskipper2_CS":0,
		"mudskipper2_Hellbore":0,
		"rcsw_mudskipper2_CS":6,
		
		"vigilance_AP":0,
		"vigilance_FS":0,
		"vigilance_Standard":0,
		"vigilance_Strike":0,
		"rcsw_vigilance_AP":1,
		"rcsw_vigilance_FS":3,
		"rcsw_vigilance_Standard":3,
		"rcsw_vigilance_Strike":3,
		
		"wolf_Assault":0,
		"wolf_CS":0,
		"wolf_Overdriven":0,
		"wolf_PD":0,
		"wolf_Strike":0,
		"wolf_d_pirates_Attack":0,
		"wolf_hegemony_Assault":0,
		"wolf_hegemony_CS":0,
		"wolf_hegemony_PD":0,
		"rcsw_wolf_Assault":3,
		"rcsw_wolf_CS":2,
		"rcsw_wolf_Overdriven":1,
		"rcsw_wolf_PD":2,
		"rcsw_wolf_Strike":2,
		"rcsw_wolf_d_pirates_Attack":10,
		"rcsw_wolf_hegemony_Assault":4,
		"rcsw_wolf_hegemony_CS":3,
		"rcsw_wolf_hegemony_PD":3,
	},
	"combatMedium":{
		"bastillon_Standard":0,
		"berserker_Assault":0,
		"rcsw_bastillon_Standard":7,
		"rcsw_bastillon_Overdriven":3, #NEW
		"rcsw_berserker_Assault":10,
		"rcsw_berserker_Overdriven":3, #NEW
		
		"buffalo2_FS":0,
		"rcsw_buffalo2_FS":5,
		"rcsw_buffalo2_Fighter_Support":5, #NEW
		
		"enforcer_Assault":0,
		"enforcer_Balanced":0,
		"enforcer_CS":0,
		"enforcer_Escort":0,
		"enforcer_Outdated":0,
		"enforcer_Elite":0,
		"enforcer_Overdriven":0,
		"enforcer_XIV_Elite":0,
		"enforcer_d_pirates_Strike":0,
		"rcsw_enforcer_Assault":3,
		"rcsw_enforcer_CS":3,
		"rcsw_enforcer_Elite":2,
		"rcsw_enforcer_Overdriven":2,
		"rcsw_enforcer_XIV_Elite":10,
		"rcsw_enforcer_d_pirates_Strike":10,
		
		"fulgent_Assault":0,
		"fulgent_Support":0,
		"rcsw_fulgent_Assault":5,
		"rcsw_fulgent_Support":5,
		
		"hammerhead_Balanced":0,
		"hammerhead_Elite":0,
		"hammerhead_Overdriven":0,
		"hammerhead_Support":0,
		"rcsw_hammerhead_Balanced":4,
		"rcsw_hammerhead_Overdriven":2,
		"rcsw_hammerhead_Support":4,
		
		"medusa_Attack":0,
		"medusa_CS":0,
		"medusa_PD":0,
		"rcsw_medusa_Attack":4,
		"rcsw_medusa_CS":4,
		"rcsw_medusa_Overdriven":2, #NEW
		
		"mule_d_pirates_Smuggler":0,
		"mule_d_pirates_Standard":0,
		"rcsw_mule_d_pirates_Smuggler":5,
		"rcsw_mule_d_pirates_Standard":5,
		
		"shrike_Support":0,
		"shrike_Attack":0,
		"shrike_p_Attack":0,
		"rcsw_shrike_Support":2,
		"rcsw_shrike_Attack":6,
		"rcsw_shrike_Overdriven":2, #NEW
		"rcsw_shrike_p_Attack":10,
		
		"sunder_Assault":0,
		"sunder_CS":0,
		"sunder_Overdriven":0,
		"rcsw_sunder_Assault":4,
		"rcsw_sunder_CS":4,
		"rcsw_sunder_Overdriven":2,
	},
	"combatLarge":{
		"aurora_Assault":0,
		"aurora_Assault_Support":0,
		"aurora_Balanced":0,
		"aurora_Escort":0,
		"aurora_FS":0,
		"aurora_Strike":0,
		"apogee_Balanced":0,
		"rcsw_aurora_Assault":2,
		"rcsw_aurora_Overdriven":2, #NEW
		"rcsw_aurora_Balanced":2,
		"rcsw_aurora_FS":2,
		"rcsw_aurora_Strike":2,
		"rcsw_apogee_Balanced":5,
		"rcsw_apogee_Close_Support":5,
		
		"colossus2_Pather":0,
		"colossus3_Pirate":0,
		"dominator_AntiCV":0,
		"dominator_Assault":0,
		"dominator_Support":0,
		"dominator_Outdated":0,
		"dominator_XIV_Elite":0,
		"eagle_Assault":0,
		"eagle_Balanced":0,
		"eagle_xiv_Elite":0,
		"falcon_Attack":0,
		"falcon_CS":0,
		"falcon_xiv_Elite":0,
		"falcon_xiv_Escort":0,
		"falcon_p_Strike":0,
		"gryphon_Standard":0,
		"gryphon_FS":0,
		"rcsw_colossus2_Pather":10,
		"rcsw_colossus3_Pirate":10,
		"rcsw_dominator_AntiCV":2,
		"rcsw_dominator_Assault":2,
		"rcsw_dominator_Support":2,
		"rcsw_dominator_Outdated":2,
		"rcsw_dominator_Overdriven":2, #NEW
		"rcsw_dominator_XIV_Elite":10,
		"rcsw_eagle_Assault":4,
		"rcsw_eagle_Balanced":4,
		"rcsw_eagle_Overdriven":2, #NEW
		"rcsw_eagle_xiv_Elite":10,
		"rcsw_falcon_Attack":5,
		"rcsw_falcon_CS":5,
		"rcsw_falcon_xiv_Elite":5,
		"rcsw_falcon_p_Strike":5,
		"rcsw_falcon_p_Hardened":3, #NEW
		"rcsw_falcon_p_Overdriven":2, #NEW
		"rcsw_gryphon_Standard":7,
		"rcsw_gryphon_FS":3,
		
		"rampart_Standard":0,
		"brilliant_Standard":0,
		"rcsw_rampart_Standard":7,
		"rcsw_rampart_Overdriven":3, #NEW
		"rcsw_brilliant_Assault":3, #NEW
		"rcsw_brilliant_Close_Support":3, #NEW
		"rcsw_brilliant_Standard":4,
		"rcsw_brilliant_Overdriven":2, #NEW
	},
	"combatCapital":{
		"conquest_Standard":0,
		"conquest_Elite":0,
		"onslaught_Standard":0,
		"onslaught_Outdated":0,
		"onslaught_Elite":0,
		"onslaught_xiv_Elite":0,
		"paragon_Elite":0,
		"paragon_Escort":0,
		"paragon_Raider":0,
		"odyssey_Balanced":0,
		"rcsw_conquest_Standard":5,
		"rcsw_conquest_Elite":4,
		"rcsw_conquest_CQC":1, #NEW
		"rcsw_onslaught_Standard":5,
		"rcsw_onslaught_Outdated":2,
		"rcsw_onslaught_Elite":3,
		"rcsw_onslaught_xiv_Elite":10,
		"rcsw_paragon_Elite":4,
		"rcsw_paragon_Escort":3,
		"rcsw_paragon_Raider":3,
		"rcsw_odyssey_Attack":5, #NEW
		"rcsw_odyssey_Balanced":5,
		
		"guardian_Standard":10,
		"radiant_Standard":5,
		"radiant_Strike":5,
		
		"atlas2_Standard":0,
		"prometheus2_Standard":0,
		"rcsw_atlas2_Standard":4,
		"rcsw_atlas2_Close_Support":3, #NEW
		"rcsw_atlas2_Strike":3, #NEW
		"rcsw_prometheus2_Standard":5,
		"rcsw_prometheus2_Support":5, #NEW
	},
	
	
	# hybrid ships with good combat and cargo capacity
	"combatFreighterSmall":{
		"cerberus_Hardened":0,
		"cerberus_Overdriven":0,
		"cerberus_Shielded":0,
		"cerberus_Standard":0,
		"cerberus_d_pirates_Shielded":0,
		"cerberus_d_pirates_Standard":0,
		"cerberus_luddic_path_Attack":0,
		"rcsw_cerberus_Overdriven":2,
		"rcsw_cerberus_Shielded":3,
		"rcsw_cerberus_Standard":5,
		"rcsw_cerberus_d_pirates_Shielded":4,
		"rcsw_cerberus_d_pirates_Standard":6,
		"rcsw_cerberus_luddic_path_Attack":10,
		
		"hound_Standard":0,
		"hound_d_pirates_Shielded":0,
		"hound_d_pirates_Standard":0,
		"hound_d_pirates_Overdriven":0,
		"hound_hegemony_Standard":0,
		"hound_luddic_church_Standard":0,
		"hound_luddic_path_Attack":0,
		"rcsw_hound_Standard":5, 
		"rcsw_hound_Shielded":3, #NEW
		"rcsw_hound_Overdriven":2, #NEW
		"rcsw_hound_d_pirates_Shielded":3,
		"rcsw_hound_d_pirates_Standard":4,
		"rcsw_hound_d_pirates_Overdriven":3,
		"rcsw_hound_hegemony_Standard":10,
		"rcsw_hound_luddic_church_Standard":10,
		"rcsw_hound_luddic_path_Attack":10,
		
		"kite_hegemony_Interceptor":0,
		"kite_pirates_Raider":0,
		"kite_Standard":0,
		"kite_Support":0,
		"kite_luddic_path_Raider":0,
		"kite_luddic_path_Strike":0,
		"rcsw_kite_hegemony_Interceptor":10,
		"rcsw_kite_pirates_Raider":10,
		"rcsw_kite_Standard":5,
		"rcsw_kite_Support":5,
		"rcsw_kite_luddic_path_Strike":5,

		"shepherd_Frontier":0,
		"wayfarer_Standard":0,
		"rcsw_shepherd_Frontier":10,
		"rcsw_wayfarer_Standard":10,
	},
	"combatFreighterMedium":{
		"mule_Standard":0,
		"mule_d_pirates_Smuggler":0,
		"mule_d_pirates_Standard":0,
		"gemini_Standard":0,
		"rcsw_mule_Standard":5,
		"rcsw_mule_Fighter_Support":5, #NEW
		"rcsw_mule_d_pirates_Smuggler":5,
		"rcsw_mule_d_pirates_Standard":5,
		"rcsw_gemini_Standard":4,
		"rcsw_gemini_Support":4, #NEW
		"rcsw_gemini_Elite":2, #NEW
	},
	"combatFreighterLarge":{
		"venture_Balanced":0,
		"venture_Outdated":0,
		"rcsw_venture_Balanced":5,
		"rcsw_venture_Outdated":5,
	},
	
	"civilianRandom":{
		#"mercury_Standard":10,
		#"hermes_Standard":10,
		#"kite_original_Stock":1,
		"mudskipper_Standard":0,
		"nebula_Standard":0,
		"starliner_Standard":0,
		"dram_Light":0,
		"phaeton_Standard":0,
		"buffalo_hegemony_Standard":0,
		"buffalo_luddic_church_Standard":0,
		"buffalo_pirates_Standard":0,
		"buffalo_tritachyon_Standard":0,
		"tarsus_Standard":0,
		"buffalo_Standard":0,
		"gemini_Standard":0,
		"colossus_Standard":0,
		"ox_Standard":0,
		#"crig_Standard":3,
		"rcsw_mudskipper_Standard":10,
		"rcsw_nebula_Standard":4,
		"rcsw_starliner_Standard":2,
		"rcsw_dram_Light":10,
		"rcsw_phaeton_Standard":3,
		"rcsw_buffalo_hegemony_Standard":2,
		"rcsw_buffalo_luddic_church_Standard":1,
		"rcsw_buffalo_pirates_Standard":2,
		"rcsw_buffalo_tritachyon_Standard":1,
		"rcsw_tarsus_Standard":3,
		"rcsw_buffalo_Standard":5,
		"rcsw_gemini_Standard":1,
		"rcsw_colossus_Standard":1,
		"rcsw_ox_Standard":0.6,
	},

	# carriers
	"carrierSmall":{
		"shepherd_Frontier":0,
		"rcsw_shepherd_Frontier":2,
		
		"condor_Strike":0,
		"condor_Attack":0,
		"condor_Support":0,
		"drover_Strike":0,
		"gemini_Standard":0,
		"rcsw_condor_Strike":2,
		"rcsw_condor_Attack":2,
		"rcsw_condor_Support":2,
		"rcsw_condor_Bombardment":2, #NEW
		"rcsw_condor_Escort":2, #NEW
		"rcsw_drover_Attack":3, #NEW
		"rcsw_drover_Strike":2,
		"rcsw_drover_Elite":2, #NEW
		"rcsw_drover_Support":3, #NEW
		#"rcsw_gemini_Standard":5,
		
		"scintilla_Strike":0,
		"scintilla_Support":0,
		"rcsw_scintilla_Strike":5,
		"rcsw_scintilla_Support":5,
	},
	"carrierMedium":{
		"heron_Strike":0,
		"heron_Attack":0,
		"mora_Assault":0,
		"mora_Support":0,
		"mora_Strike":0,
		"rcsw_heron_Strike":5,
		"rcsw_heron_Attack":5,
		"rcsw_mora_Assault":3,
		"rcsw_mora_Support":2,
		"rcsw_mora_Strike":2,
		"rcsw_mora_Escort":2,
		"rcsw_mora_Overdriven":1,
	},
	"carrierLarge":{
		"astral_Strike":0,
		"astral_Attack":0,
		"astral_Elite":0,
		"rcsw_astral_Strike":4,
		"rcsw_astral_Attack":4,
		"rcsw_astral_Elite":2,
		
		"legion_Assault":0,
		"legion_Escort":0,
		"legion_FS":0,
		"legion_Strike":0,
		"rcsw_legion_Assault":2.5,
		"rcsw_legion_FS":2.5,
		"rcsw_legion_Strike":2.5,
		"rcsw_legion_Bombardment":2.5,
	},

	# phase ships
	"phaseSmall":{
		"afflictor_d_pirates_Strike":0,
		"afflictor_Strike":0,
		"shade_d_pirates_Assault":0,
		"shade_Assault":0,
		"gremlin_Strike":0,
		"rcsw_afflictor_d_pirates_Strike":10,
		"rcsw_afflictor_Strike":4.5,
		"rcsw_afflictor_Attack":4.5, #NEW
		"rcsw_afflictor_Overdriven":1, #NEW
		"rcsw_shade_d_pirates_Assault":10,
		"rcsw_shade_Assault":10,
		"rcsw_gremlin_Strike":10,
	},
#	"phaseMedium":{
#		"harbinger_Strike":10,
#	},
	"phaseLarge":{
		"doom_Strike":0,
		"doom_Support":0,
		"rcsw_doom_Strike":5,
		"rcsw_doom_Support":5,
	},
#	"phaseCapital":{
#	},

	# freighters and such
	"freighterSmall":{
		#"hermes_Standard":1,

		"buffalo_hegemony_Standard":0,
		"buffalo_luddic_church_Standard":0,
		"buffalo_pirates_Standard":0,
		"buffalo_tritachyon_Standard":0,
		"tarsus_Standard":0,
		"buffalo_Standard":0,
		"gemini_Standard":0,
		"rcsw_buffalo_hegemony_Standard":10,
		"rcsw_buffalo_luddic_church_Standard":10,
		"rcsw_buffalo_pirates_Standard":10,
		"rcsw_buffalo_tritachyon_Standard":10,
		"rcsw_tarsus_Standard":10,
		"rcsw_buffalo_Standard":10,
		"rcsw_gemini_Standard":5,
	},
	"freighterMedium":{
		"colossus_Standard":0,
		"rcsw_colossus_Standard":10,
	},
	"freighterLarge":{
		"atlas_Standard":0,
		"rcsw_atlas_Standard":10,
	},
	"tankerSmall":{
		"dram_Light":0,
		"rcsw_dram_Light":10,
	},
	"tankerMedium":{
		"phaeton_Standard":0,
		"rcsw_phaeton_Standard":10,
	},
	"tankerLarge":{
		"prometheus_Super":0,
		"rcsw_prometheus_Super":10,
	},	
	"personnelSmall":{
		#"mercury_Standard":10,
		"kite_Standard":0,
		"rcsw_kite_Standard":10,
		#"mudskipper_Standard":1,
	},
	"personnelMedium":{
		"valkyrie_Elite":0,
		"rcsw_valkyrie_Elite":2,
		"rcsw_valkyrie_Attack":4, #NEW
		"rcsw_valkyrie_Support":4, #NEW
		#"nebula_Standard":1,
	},
#	"personnelLarge":{
#	},	
#	"linerSmall":{
#		"kite_original_Stock":1,
#		"mudskipper_Standard":10,
#	},
	"linerMedium":{
		"nebula_Standard":0,
		"rcsw_nebula_Standard":10,
	},
	"linerLarge":{
		"starliner_Standard":0,
		"rcsw_starliner_Standard":10,
	},
	
	# utility ships
	"tug":{
		"ox_Standard":0,
		"rcsw_ox_Standard":10,
	},
#	"crig":{
#		"crig_Standard":10,
#	},
	"utility":{
		#"crig_Standard":10,
		"ox_Standard":0,
		"rcsw_ox_Standard":2,
	},	
}
