{
	# Reserved engine style ids (can not be used):
	# "CUSTOM"
	"rcsw_LOW_TECH":{
		#"glowSprite":"graphics/fx/engineglow32.png", # not implemented
		#"glowShape":"graphics/fx/engineflame32.png",
		"engineColor":[251,147,105,255],			#default [255,125,25,255]			
		"engineCampaignColor":[224,129,127,255],	#default [200,90,70,255]
		"contrailParticleSizeMult":2,
		"contrailParticleDuration":3,
		"contrailParticleFinalSizeMult":2.5,
		"contrailMaxSpeedMult":0.5,
		"contrailAngularVelocityMult":0.5,
		"contrailColor":[89,74,77,50],				#default [50,50,50,50]
		"contrailCampaignColor":[209,106,93,75],	#default [200,90,70,75]
		#"contrailCampaignColor":[120,50,50,50],
		"type":"SMOKE" # GLOW or SMOKE
	},
	"rcsw_MIDLINE":{
		"engineColor":[255,200,165,255],			#default [255,145,75,255]
		"contrailParticleSizeMult":4,
		"contrailParticleDuration":2,
		"contrailParticleFinalSizeMult":2.5,
		"contrailMaxSpeedMult":0.5,
		"contrailAngularVelocityMult":0,
		"contrailColor":[131,131,131,25],			#default [100,100,100,25]
		"contrailCampaignColor":[171,147,131,75],	#default [150,120,100,75]
		"type":"GLOW" # GLOW or SMOKE
	},
	"rcsw_HIGH_TECH":{
		#"mode":"QUAD_STRIP", # PARTICLES or QUAD_STRIP, determines which params are used
		#"engineColor":[100,165,255,255],
		#"contrailDuration":2,
		#"contrailWidthMult":3,
		#"contrailWidthAddedFractionAtEnd":3,  # can be negative. makes trail spread out/narrow at the end
		#"contrailMinSeg":10, # min segment length, in pixels
		#"contrailMaxSpeedMult":0.5f,
		#"contrailAngularVelocityMult":1f,
		#"contrailColor":[100,165,255,50],
		#"type":"GLOW" # GLOW or SMOKE; additive or regular blend mode
						
		"engineColor":[93,185,254,255],				#default [100,165,255,255]
		"contrailParticleSizeMult":4,
		"contrailParticleDuration":1,
		"contrailParticleFinalSizeMult":2.5,
		"contrailMaxSpeedMult":0.5f,
		"contrailAngularVelocityMult":0f,
		"contrailColor":[97,173,254,25],			#default [100,165,255,25]
		"contrailCampaignColor":[97,173,254,25],	#default [100,165,255,75]
		"type":"GLOW" # GLOW or SMOKE
	},
}

