{
	# The following hull style ids are reserved and can not be used:
	# "sounds", "DEFAULT", "FIGHTER", "FRIGATE", "DESTROYER", "CRUISER", "CAPITAL_SHIP"
	
	
	"rcsw_LOW_TECH":{
		"hyperspaceJitterColor":[251,147,115,200],		#default [255,125,45,200]
		"baseCampaignExplosionColor":[251,147,105,255],	#default [255,125,25,255]
		"baseCombatExplosionColor":[251,147,105,255],	#default [255,125,25,255]
		"fighterRepairFlickerColor":[255,125,25,255],
		"fighterChipIconColor":[255,200,150,255],
		"weaponDisabledExplosionColor":[255,125,25,255],
		"shieldRingColor":[255,255,255,255],
		"shieldInnerColor":[251,147,155,75],			#default [255,125,125,75]
		"fluxVentCoreColor":[255,255,255,255],
		"fluxVentFringeColor":[125,0,155,255],
		"engineLoopSet":"engine_loop", 					# id of entry in sounds.json
		"engineAccelerateSet":"engine_accelerate",		# id of entry in sounds.json
		"empLoopSet":"emp_loop",						# id of entry in sounds.json
		"fluxLoopSet":"flux_loop",						# id of entry in sounds.json
		"ventFluxSet":"vent_flux",						# id of entry in sounds.json
		"shieldBurnoutSet":"shield_burnout",			# id of entry in sounds.json
		"shieldLowerSet":"shield_lower",				# id of entry in sounds.json
		"shieldRaiseSet":"shield_raise",				# id of entry in sounds.json
		"explosionShipSet":"explosion_ship",			# id of entry in sounds.json
		"damageDecalSheet":"graphics/damage/damage_decal_sheet_base.png",
		"damageDecalGlowSheet":"graphics/damage/damage_decal_sheet_glow.png",
		
		#"colorShiftCovers":true,
		"coversColorShiftAmount":0,  # 0 to 1
		"coversMatchShipBrightness":true,
		
		#"colorShiftCovers":false,
		"slotCoverSmallTurret":"graphics/weapons/covers/cover_turret_lowtech_small.png",
		"slotCoverSmallHardpoint":"graphics/weapons/covers/cover_hardpoint_lowtech_small.png",
		"slotCoverMediumTurret":"graphics/weapons/covers/cover_turret_lowtech_medium.png",
		"slotCoverMediumHardpoint":"graphics/weapons/covers/cover_hardpoint_lowtech_medium.png",
		"slotCoverLargeTurret":"graphics/weapons/covers/cover_turret_lowtech_large.png",
		"slotCoverLargeHardpoint":"graphics/weapons/covers/cover_hardpoint_lowtech_large.png",

		"dHullOverlayLight":"graphics/damage/dmod_overlay_lowtech_light.png",
		"dHullOverlayMedium":"graphics/damage/dmod_overlay_lowtech_medium.png",
		"dHullOverlayHeavy":"graphics/damage/dmod_overlay_lowtech_heavy.png",
	},
	"rcsw_MIDLINE":{
		"hyperspaceJitterColor":[255,200,165,200],		#default [255,145,75,200]	
		"baseCampaignExplosionColor":[255,200,165,255],	#default [255,145,75,255]
		"baseCombatExplosionColor":[255,200,165,255],	#default [255,145,75,255]
		"fighterRepairFlickerColor":[255,145,75,255],
		"fighterChipIconColor":[255,255,255,255],
		"weaponDisabledExplosionColor":[255,145,75,255],
		"shieldRingColor":[255,255,255,255],
		"shieldInnerColor":[190,190,255,75],			#default [125,125,255,75]
		"fluxVentCoreColor":[255,255,255,255],
		"fluxVentFringeColor":[125,0,155,255],
		"engineLoopSet":"engine_loop", 					# id of entry in sounds.json
		"engineAccelerateSet":"engine_accelerate",		# id of entry in sounds.json
		"empLoopSet":"emp_loop",						# id of entry in sounds.json
		"fluxLoopSet":"flux_loop",						# id of entry in sounds.json
		"ventFluxSet":"vent_flux",						# id of entry in sounds.json
		"shieldBurnoutSet":"shield_burnout",			# id of entry in sounds.json
		"shieldLowerSet":"shield_lower",				# id of entry in sounds.json
		"shieldRaiseSet":"shield_raise",				# id of entry in sounds.json
		"explosionShipSet":"explosion_ship",			# id of entry in sounds.json
		"damageDecalSheet":"graphics/damage/damage_decal_sheet_base.png",
		"damageDecalGlowSheet":"graphics/damage/damage_decal_sheet_glow.png",
		
		"colorShiftCovers":true,
		"coversColorShiftAmount":0.9,  # 0 to 1
		"coversMatchShipBrightness":true,
		"slotCoverSmallTurret":"graphics/weapons/covers/cover_turret_midline_small.png",
		"slotCoverSmallHardpoint":"graphics/weapons/covers/cover_hardpoint_midline_small.png",
		"slotCoverMediumTurret":"graphics/weapons/covers/cover_turret_midline_medium.png",
		"slotCoverMediumHardpoint":"graphics/weapons/covers/cover_hardpoint_midline_medium.png",
		"slotCoverLargeTurret":"graphics/weapons/covers/cover_turret_midline_large.png",
		"slotCoverLargeHardpoint":"graphics/weapons/covers/cover_hardpoint_midline_large.png",
		
		"dHullOverlayLight":"graphics/damage/dmod_overlay_midline_light.png",
		"dHullOverlayMedium":"graphics/damage/dmod_overlay_midline_medium.png",
		"dHullOverlayHeavy":"graphics/damage/dmod_overlay_midline_heavy.png",
	},	
	"rcsw_HIGH_TECH":{
		"hyperspaceJitterColor":[93,185,254,200],		#default [100,165,255,200]
		"baseCampaignExplosionColor":[93,185,254,255],	#default [100,165,255,255]
		"baseCombatExplosionColor":[93,185,254,255],	#default [100,165,255,255]
		"fighterRepairFlickerColor":[100,165,255,255],
		"fighterChipIconColor":[100,165,255,255],
		"weaponDisabledExplosionColor":[100,165,255,255],
		"shieldRingColor":[255,255,255,255],
		"shieldInnerColor":[105,165,254,75],			#default [125,125,255,75]
		"fluxVentCoreColor":[255,255,255,255],
		"fluxVentFringeColor":[125,0,155,255],
		"engineLoopSet":"engine_loop", 					# id of entry in sounds.json
		"engineAccelerateSet":"engine_accelerate",		# id of entry in sounds.json
		"empLoopSet":"emp_loop",						# id of entry in sounds.json
		"fluxLoopSet":"flux_loop",						# id of entry in sounds.json
		"ventFluxSet":"vent_flux",						# id of entry in sounds.json
		"shieldBurnoutSet":"shield_burnout",			# id of entry in sounds.json
		"shieldLowerSet":"shield_lower",				# id of entry in sounds.json
		"shieldRaiseSet":"shield_raise",				# id of entry in sounds.json
		"explosionShipSet":"explosion_ship",			# id of entry in sounds.json
		"damageDecalSheet":"graphics/damage/damage_decal_sheet_base.png",
		"damageDecalGlowSheet":"graphics/damage/damage_decal_sheet_glow.png",
		
		#"colorShiftCovers":true,
		"coversColorShiftAmount":1,  # 0 to 1
		"coversMatchShipBrightness":true,
		"slotCoverSmallTurret":"graphics/weapons/covers/cover_turret_hightech_small.png",
		"slotCoverSmallHardpoint":"graphics/weapons/covers/cover_hardpoint_hightech_small.png",
		"slotCoverMediumTurret":"graphics/weapons/covers/cover_turret_hightech_medium.png",
		"slotCoverMediumHardpoint":"graphics/weapons/covers/cover_hardpoint_hightech_medium.png",
		"slotCoverLargeTurret":"graphics/weapons/covers/cover_turret_hightech_large.png",
		"slotCoverLargeHardpoint":"graphics/weapons/covers/cover_hardpoint_hightech_large.png",
		
		"dHullOverlayLight":"graphics/damage/dmod_overlay_hightech_light.png",
		"dHullOverlayMedium":"graphics/damage/dmod_overlay_hightech_medium.png",
		"dHullOverlayHeavy":"graphics/damage/dmod_overlay_hightech_heavy.png",
	},


	
}



