command,class,tags,syntax,help
# Command: what the player enters to use your custom command
# Class: points towards the command's script, which should implement BaseCommand
# Tags: used by the Help command to find specific types of commands. Example tags:
#  Console - system-level commands such as Help or Status, will work everywhere
#  Campaign/Combat - this command only works in these contexts
#  A mod-specific tag - include your mod as a tag so Help can differentiate them! The console mod uses the "core" tag, so please don't use that tag in your mod
# Syntax: the syntax pattern for your command. <> denotes a required field, [] an optional one. Ex: "addcrew <amount> [optionalLevel]"
# Help: what the player is shown when they enter "help <command>". The syntax line will be shown by help as well, so you don't need to include it again.
#
RCSWUninstall,data.console.commands.RCSWUninstall,"RCSW,campaign",RCSWUninstall,"Uninstalls RC's Second Wave Options."
RCSWReloadSettings,data.console.commands.RCSWReloadSettings,"RCSW,campaign",RCSWReloadSettings,"Reloads RC's Second Wave Options settings."
RCSWApplySecureMarkets,data.console.commands.RCSWApplySecureMarkets,"RCSW,campaign",RCSWApplySecureMarkets [optional 0-2],"Applies Second Wave Option "Secure Markets" mid-game. "0": no Patrol HQs added. "1": PHQs added to non-pirate/LP markets. "2": PHQs added to all markets. Otherwise uses settings file configuration. CAUTION: This setting cannot be undone."
RCSWForceDoctrineUpdate,data.console.commands.RCSWForceDoctrineUpdate,"RCSW,campaign",RCSWForceDoctrineUpdate ['debug'],"If Doctrine Evolution is active, updates all faction doctrines based on current situation. If debug is used, provides the flat and time bonuses, if applicable."
RCSWCheckRecoveryChance,data.console.commands.RCSWCheckRecoveryChance,"RCSW,campaign",RCSWCheckRecoveryChance,"Obtains the recovery chance of all ships in the player fleet."
RCSWGetMarketScores,data.console.commands.RCSWGetMarketScores,"RCSW,campaign",RCSWGetMarketScores <'vanilla'|'mod'|'all'|faction>,"If Doctrine Evolution is active and using market bonuses, provides the market scores and total market points for the given faction."
FindRemnantSystems,data.console.commands.FindRemnantSystems,"RCSW,campaign",FindRemnantSystems [danger level],"Finds remnant systems with the given danger level ("low", "medium", "high"). If argument is empty, provides all remnant systems."
GetFactionDoctrine,data.console.commands.GetFactionDoctrine,"RCSW,campaign",GetFactionDoctrine <'vanilla'|faction>,"Obtains faction doctrine information for the given faction."